dt,mean_error,max_error
0.01,0.013148115947842598,0.04033278673887253
0.02,0.026761123910546303,0.08445294946432114
0.05,0.06176646426320076,0.20265796780586243
0.1,0.13328616321086884,0.47371548414230347
0.2,0.7843355536460876,4.2501654624938965
0.3,1.8397178649902344,12.426739692687988
