hidden_dim,num_layers,mean_error,max_error
16,1,0.15914715826511383,0.7348778247833252
16,2,0.15106987953186035,0.5675624012947083
16,3,0.17277659475803375,0.7908823490142822
32,1,0.13752034306526184,0.5816121101379395
32,2,0.12157009541988373,0.4944199323654175
32,3,0.19971424341201782,0.9605621695518494
64,1,0.11005544662475586,0.45147043466567993
64,2,0.12259652465581894,0.421845406293869
64,3,0.17023588716983795,0.7856075167655945
